id, name, slogan, description, category, default_price
1,"Camo Onesie","Blend in to your crowd","The So Fatigues will wake you up and fit you in. This high energy camo will have you blending in to even the wildest surroundings.","Jackets", 140
2,"Bright Future Sunglasses","You've got to wear shades","Where you're going you might not need roads, but you definitely need some shades. Give those baby blues a rest and let the future shine bright on these timeless lenses.","Accessories", 69
3,"Morning Joggers","Make yourself a morning person","Whether you're a morning person or not.  Whether you're gym bound or not.  Everyone looks good in joggers.","Pants", 40
4,"Slacker's Slacks","Comfortable for everything, or nothing","I'll tell you how great they are after I nap for a bit.","Pants", 65
5,"Heir Force Ones","A sneaker dynasty","Now where da boxes where I keep mine? You should peep mine, maybe once or twice but never three times. I'm just a sneaker pro, I love Pumas and shell toes, but can't nothin compare to a fresh crispy white pearl","Kicks", 99
6,"Pumped Up Kicks","Faster than a just about anything","The Pumped Up serves up crisp court style with a modern look. These shoes show off tennis-whites shades and are constructed with a supple leather upper and a classic rubber cupsole.","Kicks", 89
7,"Blues Suede Shoes","2019 Stanley Cup Limited Edition","Touch down in the land of the Delta Blues in the middle of the pouring rain","Dress Shoes", 120
8,"YEasy 350","Just jumped over jumpman","These stretchy knit shoes show off asymmetrical lacing and a big sculpted rubber midsole. In a nod to adidas soccer heritage.","Kicks", 450
9,"Summer Shoes","A risky call in the spring or fall","Low-top panelled buffed leather and mesh sneakers. Sizing embroidered in black at round toe. Tonal lace-up closure. Pull-loop and rubberized style name at padded tongue. Padded collar. Pull-loop at heel collar. Logo embroidered in black at outer side. Tonal treaded rubber sole. Tonal stitching.","Kicks", 59
10,"Infinity Stone","Reality is often disappointing. That is, it was. Now, reality can be whatever I want.","The Infinity Stones are six immensely powerful stone-like objects tied to different aspects of the universe, created by the Cosmic Entities. Each of the stones possesses unique capabilities that have been enhanced and altered by various alien civilizations for millennia.","Accessories", 5000000
11,"Air Minis 250","Full court support","This optimized air cushion pocket reduces impact but keeps a perfect balance underfoot.","Basketball Shoes","default_price": 49
12,"Carolyn Slacks","Ex exercitationem illo distinctio similique voluptas in.","Nobis facere nostrum et. Sit nihil optio rem provident voluptatum eum. Provident quis labore cumque et. Ad omnis voluptatibus aut. Pariatur enim eaque. Optio blanditiis et eum est et itaque explicabo fugit sunt.","Slacks",479
13,"Otilia Socks","Dicta perspiciatis aut facere ut id dolor.","Facere et et in. Numquam quia esse est. Rerum deserunt expedita ipsum quaerat qui. Maiores qui sit quaerat unde est laboriosam aut sit. Pariatur quae earum rerum labore. Omnis illum dolore nam odit asperiores.","Socks",894
14,"The Shirley Pants","Aut rem eos ut et.","Molestias ea repellat. Rerum dicta et fugit distinctio atque accusamus. Quisquam qui voluptates molestiae omnis quia totam quod. Id officiis labore officiis molestias deserunt incidunt praesentium. Velit quas ab animi unde maiores culpa. Ut sed molestiae velit.","Pants",747
15,"Richie Dress","Placeat magni nam unde eaque.","Magni nihil voluptatem consequatur voluptas dolorum sit architecto. Rem a eum ducimus. Maxime vel corporis magnam laboriosam necessitatibus et dignissimos.","Dress",835
16,"Madge Heels","Eum nam molestiae ipsa voluptatum quos.","Autem commodi suscipit dolores. Illum saepe sequi. Corrupti labore incidunt consequatur sunt velit quibusdam quaerat laudantium tempore. Placeat et ut quod maxime magnam maxime nulla. Non est culpa aperiam deserunt et libero ut aut velit. Et voluptatibus fugit earum.","Heels",599
17,"The Domenica Shorts","Maxime cum dolorem accusantium labore.","Optio blanditiis nulla exercitationem earum. Id voluptatem perspiciatis et. Quia fugit nihil perferendis voluptatem impedit aut voluptas.","Shorts",257
18,"Marge Skirt","Molestiae amet sed doloribus dolorem.","Quis in maxime quae hic aut deleniti et consectetur adipisci. Maxime repellat enim adipisci tempore. Culpa suscipit et commodi quis reiciendis minus dolor ut.","Skirt",64
19,"Josiane Romper","Ex quis aut.","Aut iste earum quas ut quis dolorem laborum nobis quos. Iure nihil ullam corporis. Eligendi nemo quod et facilis. Consequuntur consectetur nihil ipsa sed aperiam. Voluptate natus aut. Molestiae sit debitis quia voluptatibus saepe doloremque aperiam.","Romper",767
20,"Simone Pants","Doloremque nisi provident nihil sit dicta quia.","Recusandae aut dolorum quaerat dolores error quo facilis aliquid. Autem dicta dolorem amet impedit. Dolores repellat autem vel sed nihil. Temporibus voluptatem officia pariatur et occaecati sed accusantium aperiam. Quas sequi voluptate omnis non voluptates quam nulla iste est.","Pants",99
21,"Darron Jacket","Sed enim dolore aspernatur est aperiam.","Voluptate cumque doloremque cumque exercitationem sequi et unde. Distinctio ipsam possimus ratione tempora aut sint tempora quia. Ea eveniet et deserunt debitis perferendis aperiam aperiam sunt laudantium.","Jacket",977
22,"Bailee Cap","Rerum nostrum excepturi expedita est qui neque nobis quas.","Excepturi repellat facilis aut et. Harum perspiciatis veritatis voluptas autem sed est. Neque eos dolores vel est rerum perspiciatis. Atque dicta error consequatur quibusdam non qui soluta quia. Laudantium consectetur fugiat quia architecto nulla sit consequuntur. Exercitationem alias quis voluptas molestiae.","Cap",677
23,"Cathryn Coat","Omnis alias quae et fugit quam.","In iste praesentium provident tenetur omnis quibusdam. Error ducimus ipsum dolorem laudantium commodi consequatur sequi. Similique id laboriosam perspiciatis et excepturi perspiciatis earum est minima. Doloremque reprehenderit aut nam nemo sit. Odit aliquam repudiandae eius. Molestiae alias quas ex similique.","Coat",480
24,"Coy Suit","Et eaque quos.","Iste magni vero qui qui illo expedita sunt voluptatem dicta. Qui ea et aut nihil rem aperiam. Non distinctio iste nostrum quasi et labore odio. Dolorum aspernatur labore voluptatum.","Suit",175
25,"Orrin Backpack","Et quas porro id sed eveniet nam.","Sunt quaerat consectetur dolorum. Fugiat numquam nemo porro sint rem aperiam nam. Inventore dolores voluptatem at aut. Mollitia aut illo est qui.","Backpack",109
26,"Audreanne Backpack","Pariatur amet quo quos deserunt veritatis unde et.","Ab placeat perferendis. Est sed quia maiores deleniti impedit earum doloribus. Non quibusdam rem voluptatem neque voluptatem quia velit totam ab. Officiis aspernatur odio. Quo autem unde debitis est laborum et minus deserunt.","Backpack",447
27,"Beulah Suit","Earum necessitatibus doloribus eum velit libero expedita aut nihil.","Quos omnis sed voluptatem consectetur architecto doloribus delectus. Autem explicabo inventore fuga beatae. Cumque voluptatem quo iste doloribus. Et sit assumenda sunt culpa optio voluptas ipsum et. Blanditiis atque sequi sequi unde rerum.","Suit",839
28,"Mafalda 1000 Shorts","Sunt voluptas sed ex repellendus laboriosam eligendi.","Consequuntur provident omnis autem consequatur aspernatur. A tempora ipsa aperiam. Molestias facilis aperiam aut ut.","Shorts",867
29,"Jennie Jacket","At excepturi sed ut dicta.","Dolor aut qui cupiditate dicta iure id voluptatem qui porro. Vel explicabo ducimus alias. Aut sed a velit nobis quos dolore ipsum veritatis.","Jacket",71
30,"Robbie Cap","Et cupiditate tempore fugiat natus placeat commodi voluptate velit.","Laborum minima et adipisci fuga eligendi est pariatur perferendis. Sit numquam id itaque sequi minus et aperiam sed ut. Accusantium minima aut corporis. Et temporibus nulla. Qui eos doloribus est quas quod.","Cap",168
31,"Quentin Slacks","Esse eos quo saepe quod.","Possimus et doloremque. Accusantium et qui adipisci omnis facere maxime. Impedit ea quae eius. Quas voluptatem alias est magni. Incidunt est molestiae sed est.","Slacks",543
32,"Juston Cap","Laudantium et eos vero dolorum optio.","Alias aut quia. Sunt non libero quia provident perferendis quam officiis similique sint. Quibusdam omnis reiciendis pariatur dolores. Qui iure quibusdam doloremque harum cumque dignissimos aut dolores.","Cap",283
33,"Christiana Tank Top","Fugit modi odio.","Sit unde sunt. Est qui est dolores eos. Ratione sunt sit modi. Autem eligendi tenetur ut fugit consequatur minima quis. Minima ad qui est reprehenderit omnis ratione laboriosam voluptate quaerat. Similique velit voluptas velit at quia est.","Tank Top",675
34,"Clare 1700 Jacket","Quidem assumenda dolores.","Ipsum animi numquam numquam pariatur ullam rerum illum ut ea. Occaecati quia nostrum temporibus maxime quisquam repellendus maiores dolorem. Id quidem optio. Possimus fugiat illo voluptas labore et exercitationem aliquam harum. Sapiente saepe voluptatum in atque animi tempora. Aspernatur ipsum nemo eum illum aspernatur nihil.","Jacket",523
35,"Valentina Slacks","Modi dicta dolorem alias.","Blanditiis et blanditiis. Soluta autem repudiandae. Eaque et deleniti animi mollitia. Eum fugiat ut. In possimus cupiditate dolor voluptate consequatur soluta pariatur. Consequuntur consequuntur est dolores nemo.","Slacks",761
36,"Kendra Trousers","Inventore laudantium rerum.","Enim ratione voluptatem laudantium et nostrum voluptatibus illum in at. Vitae ex rem sequi libero provident saepe deserunt blanditiis. Beatae perspiciatis corporis dolorem sit.","Trousers",45
37,"Alicia Slacks","Est accusantium consequatur quia et.","Quibusdam ut est exercitationem quibusdam hic aut impedit. Cumque aspernatur voluptas dolorem est et enim. Quod ipsa mollitia qui eius. Hic reprehenderit temporibus placeat animi. Unde temporibus eum.","Slacks",687
38,"Cornell Slacks","Voluptas labore debitis a natus earum quo ut odio corrupti.","Et dolorem voluptatum. A sit at. Numquam in animi. Amet fugit voluptatem molestiae iure dolores fugiat et quo qui.","Slacks",303
39,"Shemar Dress","Illum distinctio ad quis esse.","Minus ea deserunt consequuntur doloribus consequatur. Qui qui placeat distinctio. Dolorem repudiandae perferendis quidem ad maxime sit aut ut. Vel saepe provident praesentium. Et minus iste quisquam saepe omnis. Est sit sint et eaque.","Dress",328
40,"The Austen Backpack","Consequatur velit tempora eligendi ut.","Vitae repellendus odio amet aut incidunt omnis. Expedita omnis dolorem non omnis quibusdam maiores nulla aperiam. Sed perspiciatis accusamus. Ut aut maxime ipsum eligendi qui saepe mollitia. Dolores quia eos quo impedit consequatur minus id.","Backpack",311
41,"Mireille Romper","Itaque minus consequatur accusantium facere vitae est atque aut.","Nostrum hic recusandae similique vero totam quia fugiat. Illum ut sint nulla et. Expedita voluptatum iste hic. Quod voluptatem qui nihil. Ea voluptatem autem earum amet asperiores. Optio aut eveniet.","Romper",903
42,"Maximillian Shirt","Doloremque et sed.","Sit ducimus nisi aut molestiae earum quia delectus earum et. Amet odio vero et et et ducimus rerum. Facere sit est ipsum beatae cupiditate in cum consequatur sint. Totam pariatur excepturi. Dolorem beatae aut suscipit error.","Shirt",531
43,"Henry Romper","Sunt et excepturi et quam pariatur nulla rem.","Iusto assumenda molestias nihil labore qui ut voluptatem facere. Neque blanditiis atque vitae sed voluptates nesciunt quia delectus. Mollitia consectetur ut deleniti aperiam repudiandae dolor. Debitis velit autem laboriosam quos. Dolorem voluptate quia dicta tempore quisquam. Explicabo esse illum suscipit eius beatae voluptatem omnis blanditiis eos.","Romper",931
44,"Lucile Socks","Sit rerum ut labore vitae temporibus illum.","Itaque provident reprehenderit quod impedit accusantium consequatur ex. Nisi quidem velit ullam reprehenderit. Pariatur sequi et consequuntur earum unde in magni ducimus est. Ea consequuntur voluptatum sit. Enim aspernatur omnis enim quia a non.","Socks",157
45,"Columbus 600 Pants","Voluptas itaque nostrum libero sunt adipisci.","Vero repellendus minima sed. Provident maxime voluptatibus. Impedit commodi qui tenetur sint ea et quod. Repudiandae non ut. Nobis placeat rerum et. Est corporis non.","Pants",311
46,"Deonte Hat","Placeat in facere modi labore ut facilis ratione ut fuga.","Quo in laudantium et soluta et ullam. Facere qui et ipsum ad delectus. Earum blanditiis accusantium. Sapiente debitis dolorem aut culpa veritatis laudantium. Totam fugit voluptas illo et exercitationem aut quae. Laborum adipisci saepe voluptatem ipsa.","Hat",272
47,"Candice Backpack","Rerum tenetur sit quas perferendis.","Nulla vitae eum porro iste incidunt in impedit. Maiores numquam consequuntur sequi. Et illo porro. Eius dolor qui voluptatem sed aut et provident. Nulla ducimus assumenda repudiandae dolorum nam ea qui saepe.","Backpack",483
48,"Ford Hoodie","Reprehenderit et et in.","Perspiciatis est reprehenderit molestiae optio quia laudantium quia aliquid odio. Non explicabo sed voluptatibus ut aspernatur aut. Inventore labore voluptas ad illum est sint excepturi rerum neque.","Hoodie",331
49,"Deborah Sunglasses","Nesciunt quos perferendis aut velit praesentium modi.","Omnis sint sed est id voluptatem quod aut molestias minus. Possimus et similique ut provident nam atque. Cupiditate est quia nulla fugiat atque inventore temporibus id ad.","Sunglasses",773
50,"Jerrold 600 Shirt","Ipsa ad dolorem consequatur.","Commodi reprehenderit omnis natus porro. Amet dolore et quaerat harum iusto ut voluptate. Et eaque quibusdam quia animi dolorem porro et. Tempore sit est doloribus velit sit ullam labore adipisci fuga. Ea et quasi consequatur sint autem eius. Sint ut dolorem eaque.","Shirt",358
51,"The Darryl Trousers","Maxime beatae repellat.","Labore et ea. Consectetur ut dolores recusandae. Commodi facilis aut illo excepturi quae molestiae. Omnis eos porro numquam laudantium adipisci facere voluptatem. Qui doloribus cum voluptatem cumque ipsam sed tenetur. Aut nostrum ipsa accusamus quas.","Trousers",813
52,"Dee Sweatpants","Excepturi totam qui quasi perferendis.","Quisquam quas adipisci quibusdam voluptatem quisquam voluptatem et illo. Rerum corporis architecto doloribus quae laboriosam. Quidem commodi dolore fuga.","Sweatpants",858
53,"Hipolito Tank Top","Quos vero voluptas sequi ut molestiae velit mollitia molestiae ex.","In et excepturi non quidem. Architecto tenetur ducimus nobis eveniet facilis voluptatem. Consequatur fuga rerum voluptates aperiam minima occaecati non expedita voluptatum. Qui sunt nihil consectetur quos ullam totam. Repellendus accusamus et ab voluptate autem ut eos. Numquam ut esse eligendi corporis occaecati ex dolore.","Tank Top",94
54,"Destiny Skirt","Nihil quia illum ea sit eius.","Praesentium quia minima cum rerum est aspernatur accusantium rerum perspiciatis. Accusamus eligendi tenetur nihil omnis eum aperiam debitis nam at. Voluptas vitae ea et deleniti neque et cupiditate nam sint. Ipsa totam est maiores voluptas et et autem. Nam excepturi ipsum exercitationem nemo dolorum nulla ipsam omnis.","Skirt",782
55,"The Loyal Skirt","Asperiores deleniti vero.","Aut facere perferendis saepe tempore. Cum voluptas ad ea porro molestiae maiores suscipit qui. Explicabo facere incidunt explicabo eligendi dolor rerum aspernatur esse. Aliquam ut non natus possimus nulla alias molestias ea. Nulla nemo debitis. Repellendus reiciendis enim blanditiis eaque dolores iste ducimus cumque alias.","Skirt",532
56,"Evangeline 0 Hat","Tempore id maiores.","Ducimus nisi architecto quaerat illum assumenda voluptas debitis distinctio. Autem sunt harum. Dolorem non exercitationem illo quasi. Est ea eaque aut qui nisi natus nostrum. Quos aliquam ut nesciunt fugit.","Hat",82
57,"Jamarcus Hat","Et autem illum sint omnis impedit.","Rerum et enim a repellat ut provident. Quos saepe id quo saepe aut soluta vel impedit. Soluta aut id sit quibusdam in perferendis qui enim nam. Non quaerat reprehenderit ut consequatur. Unde aut atque. Tenetur neque quae.","Hat","$818"
58,"Jillian Slacks","Et consectetur asperiores est doloribus non.","Sed aspernatur ut totam culpa. Ut vero optio aut dolores earum voluptatibus. Et dolores libero magni placeat harum.","Slacks",716
59,"Cornelius Backpack","Possimus rerum ut tempore saepe unde delectus.","Id debitis architecto dolores vero architecto rerum. Quibusdam doloremque quo deserunt reprehenderit. Expedita odio veniam placeat eius. Est rerum et sit. Iste incidunt quia aut sint voluptatem illum.","Backpack",319
60,"Marjolaine Shoes","Eos pariatur autem ut sint.","Non nostrum ea praesentium voluptas. Est aut laboriosam consequuntur delectus et ut. Similique qui saepe dicta rerum non sequi. Facilis libero voluptates quae explicabo distinctio. Consequatur cumque optio quae ea qui. Mollitia architecto adipisci aut qui consequuntur.","Shoes",29
61,"Harley Shorts","Repudiandae doloribus sunt recusandae accusantium ut cupiditate odit eum.","Ratione ullam deserunt consequatur iste consequatur est id inventore. Deleniti in non. Ut cupiditate temporibus voluptatem quia explicabo ipsum. At sint asperiores veniam voluptatum recusandae eos.","Shorts",740
62,"Estrella Shirt","Ipsa eligendi consequatur nihil molestiae perferendis ratione.","Consequatur nesciunt id earum ratione blanditiis odit quo repellat. Sed necessitatibus sunt nulla delectus quae voluptatem non qui. Tempore non aut fugiat repudiandae omnis quibusdam illo est vero. Odit facere debitis nobis doloribus est voluptatibus doloribus enim. Consequuntur nemo est at explicabo sapiente ab.","Shirt",830
63,"Avery Shorts","Aliquid architecto provident deserunt et ex quia numquam.","Harum libero iure consectetur harum. Delectus nostrum qui quo omnis. Officia et alias tempora excepturi suscipit et eligendi aspernatur. Nobis dolores sed neque quod voluptatem sint tempore beatae sed. Mollitia laudantium voluptatem accusamus nesciunt reiciendis quia quia ea.","Shorts",370
64,"Triston Dress","Rem commodi autem atque expedita voluptatem illo fuga vero.","Quas nam labore eveniet unde recusandae officia eveniet fugit est. Accusantium tenetur dolorem. Fugiat harum dolore. Veniam iste error nam impedit aut molestias.","Dress",463
65,"The Justen Boots","Modi ea culpa nam est.","Est quis dignissimos totam quo molestiae est mollitia. Quo quod voluptatem expedita corrupti id accusantium. Qui praesentium est. Distinctio labore qui autem. Quia aut officia ex veritatis nemo vitae quia quas repellat. Quasi illo necessitatibus similique est est ex nam consequatur optio.","Boots",926
66,"Mose Backpack","Eum id ea magni harum sit sed voluptas nobis.","Recusandae reiciendis vero dolor qui consequatur velit iste. Tempora autem exercitationem rerum et et similique culpa. Corporis repellendus error tempore beatae voluptas.","Backpack",905
67,"Jakob Sweatpants","Debitis ratione velit dolorem quis doloribus sapiente.","Sed necessitatibus nulla aut. Et repudiandae et veritatis ducimus consequatur et. Vitae eos quo fuga non aut. Nostrum totam molestias quia. Dolores rerum quae nihil et omnis quaerat est qui.","Sweatpants",316
68,"Omari 50 Coat","Error ut corrupti quae occaecati.","Voluptas iure ducimus officiis ullam. Atque temporibus non ipsa voluptatem error omnis. Possimus porro est minima. Dolores blanditiis a nobis laudantium. Impedit minus quisquam sed eos iure rem. Eius maxime culpa soluta inventore qui iste porro placeat doloremque.","Coat",636
69,"Rahsaan Shoes","Quas aliquam deleniti.","Aperiam modi aut. Quaerat corrupti nemo voluptate. Voluptas cumque laudantium quia voluptatibus. Praesentium delectus dolor saepe. Iste ducimus ad nisi repudiandae dolorem ut illum. Rerum minima quis enim.","Shoes",121
70,"Concepcion Pants","Culpa earum itaque accusantium nihil earum.","Iure occaecati voluptatem non ipsum ut. Quaerat corrupti rem est beatae quia quas quasi. Sed quis illo libero aperiam laborum modi consequatur veritatis et.","Pants",998
71,"Karen Sunglasses","Qui ut dolor iure blanditiis aut ratione occaecati eum.","Perferendis inventore aut. Minus rerum nulla. Sapiente sunt voluptas.","Sunglasses",379
72,"The Leo Jacket","Esse sit nisi nostrum.","Sapiente accusantium assumenda quia tempore deserunt unde nulla maiores. Veniam officia voluptatem. Ut illo numquam omnis quasi dicta. Facilis quasi architecto harum id accusamus quaerat aut impedit omnis. Id aut sunt quod a quaerat dignissimos. Nisi voluptas reiciendis.","Jacket",9
73,"Royal 0 Romper","Incidunt fugiat excepturi a minima.","Molestiae a corporis ut hic debitis ut quis rerum minima. Sint est quam est et ab maxime velit sunt dolor. Accusantium non unde ratione inventore in. Nobis maxime quo.","Romper",538
74,"Frederic Socks","Accusantium explicabo molestiae sunt in aspernatur quis voluptatibus nulla.","Hic et qui voluptatibus voluptatem illum. Doloremque aperiam rerum libero. Facilis perspiciatis ut est aut. Eos libero sint vero non in ullam iure.","Socks",470
75,"Flossie Pants","Iusto vel quia tempora voluptate eos perferendis ut.","Deserunt facere quisquam alias earum ratione repellendus. Iure facere quo minima totam quaerat. Expedita facere voluptas repudiandae placeat itaque beatae.","Pants",815
76,"Oda Tank Top","Harum officia vero quo ipsum ut.","Sapiente non illo ullam dolores eos doloremque. Et consequuntur et quae dignissimos iure qui similique perferendis. Quaerat repudiandae nemo voluptates atque molestiae eius provident ut. Voluptatem tempora velit dolor voluptate reiciendis quibusdam odio et quia. Error impedit voluptatibus sint nesciunt temporibus. Eligendi rerum earum et rerum explicabo.","Tank Top",994
77,"Garrick Tank Top","Ea iusto sit totam suscipit.","Amet consequuntur nisi deserunt quam. Doloremque rerum commodi quis eius molestiae. Dolorum alias dolores culpa eveniet consequatur. Unde doloribus cum sit corporis quo quis quia est.","Tank Top",88
78,"The Mary Sweatpants","Sunt eos sit in quo ducimus velit voluptatum.","Ipsam est perspiciatis laudantium officiis quia maxime sint. Facilis exercitationem laborum. Expedita dignissimos aliquid placeat eaque eum. Culpa non omnis. Possimus quis aut est deserunt. Laborum dolor et voluptas ea non ut.","Sweatpants",273
79,"Addison Socks","Veniam qui est.","Optio beatae quis explicabo expedita expedita. Excepturi omnis rerum. Fugit voluptas inventore id id quo. Impedit ullam sunt esse illo eum.","Socks",154
80,"Santino Tank Top","Est error quaerat facilis quia ea non exercitationem.","Quia labore ipsa. Quaerat excepturi quos. Deleniti itaque quod libero. Ea facilis dolores optio labore. Vitae cupiditate veniam eveniet quibusdam.","Tank Top",473
81,"Dorian Suit","Hic quasi eos nihil non sequi laboriosam occaecati quis.","Et beatae porro. Mollitia architecto et libero neque velit dolor. Eaque explicabo quibusdam minima ut enim culpa. Est est dicta illo. Tenetur voluptas quidem sunt quia earum. Ratione eaque voluptatem id sit.","Suit","586.00"
82,"Reginald Backpack","Aut fugiat ullam necessitatibus facilis sequi qui.","Voluptatum optio repellendus placeat illum voluptatem expedita. Nostrum et nisi neque voluptate. At dolores nemo molestias nihil fugiat. Placeat qui tempore sed aliquid consequatur. Ullam ab eveniet repellendus nihil et delectus.","Backpack",460
83,"Vilma Cap","Enim dolorum et.","Reprehenderit incidunt aut quo consectetur qui. Quaerat enim ducimus rerum assumenda at distinctio veritatis vel. Accusamus quod nemo voluptas et minima odio.","Cap",1
84,"Dariana 0 Boots","Quo ut ipsum accusamus.","Autem voluptatem cum inventore cum suscipit id qui quis aperiam. Ex enim sint. Dolores qui quis ab atque quas delectus nemo. Omnis error distinctio eum vero officiis ipsa. Iusto rerum adipisci sed consequatur perspiciatis repellat aut.","Boots",782
85,"Willy Cap","Asperiores velit quod.","Adipisci voluptatum odit officiis et similique aut. Temporibus cupiditate ex amet. Quod aspernatur sit commodi. Nihil nisi veritatis iure quia culpa est quibusdam. Excepturi voluptatem sed dolorem.","Cap",809
86,"Mavis Shoes","Dolore aliquam fuga maxime.","Ut alias error temporibus aut iste repudiandae ut aliquid nesciunt. Accusamus voluptatem adipisci delectus commodi autem labore placeat qui reprehenderit. Et hic doloremque.","Shoes",251
87,"Brian Backpack","Quod et ut cumque ex aut nobis fugit ipsam eos.","Minus aspernatur quia doloremque velit amet veniam excepturi. Corporis optio aut aut sed quam voluptatum quia doloremque et. Qui quis distinctio asperiores. Architecto quisquam non quam optio. Facilis doloribus et architecto sunt et. Est et occaecati quis voluptatibus odio.","Backpack",248
88,"Franco Pants","Et suscipit quo reprehenderit quos.","Veritatis cum distinctio eum et animi aut. Reprehenderit non quaerat maxime eius optio dolor. Ducimus mollitia est a enim enim expedita.","Pants",522
89,"Kade Coat","Tempora sequi earum mollitia sed quo sed aliquid.","Quos non commodi hic voluptate voluptate officiis. Tempora alias explicabo. Nihil saepe dignissimos ipsa et.","Coat",539
90,"Daisha Pants","Eaque et aliquam voluptates.","Possimus est vel optio. Velit ipsum quia et ad exercitationem in sed. Vitae quibusdam voluptas ullam fugiat libero enim nobis repellendus. Dolores esse repellat est eos assumenda ea.","Pants","202.00"
91,"Armani Sweatpants","Quisquam laboriosam ut odio sint nihil nemo veniam.","Neque voluptatibus autem nulla accusantium. Eligendi maiores ut sit sint. Consequatur ut sed sunt temporibus. Harum consequatur distinctio vitae totam sed tempore laboriosam fugit deleniti. Dicta atque repudiandae. Neque repellat rerum.","Sweatpants",400
92,"Jayda Socks","Excepturi aspernatur incidunt excepturi mollitia temporibus ea.","Repellendus non adipisci et nobis. Maiores at quae molestiae id totam quia similique. Vel distinctio et. Perspiciatis id itaque. Quis voluptas inventore.","Socks",20
93,"Dameon Romper","Qui ea incidunt amet.","Hic molestiae aut veritatis eligendi enim modi soluta. At et odit est expedita modi eligendi veniam. Et quo vitae ullam est blanditiis nesciunt debitis odio.","Romper",677
94,"Jerome Sunglasses","Veritatis quisquam modi facere fuga aut.","Eos rerum iusto at voluptatem accusamus itaque est. Laboriosam est eos architecto error. Dolorem dolore nam quos repudiandae voluptatem distinctio molestiae autem cumque.","Sunglasses",726
95,"Maximus Shoes","Est ullam accusamus totam quia velit cumque qui molestias.","Voluptas soluta qui quos. Nam qui quia nam quasi numquam aliquid similique doloremque. Temporibus similique rerum velit ad voluptas iusto dolor qui aut. Quae deleniti voluptas. Rerum nemo non et similique cumque saepe.","Shoes","420.00"
96,"Anne Dress","Ex qui placeat mollitia voluptatem dolor aut tempore facilis.","Accusantium quibusdam nostrum sequi omnis ut magni. Consequatur corporis aut natus ut qui. Enim voluptas dolores est autem dolorem labore nostrum sequi veritatis. Autem repellat itaque ducimus quos at molestias nemo omnis. Dolor est soluta necessitatibus nihil qui quia vitae.","Dress",86
97,"Earnest Coat","Ad dolor nostrum totam veritatis.","Exercitationem voluptas et ut enim ullam amet. Rerum repudiandae nihil ipsum. Nulla sint dignissimos consequatur esse. Quibusdam doloribus optio ut sit at vel id eum.","Coat","971.00"
98,"Tabitha Hoodie","Accusamus repudiandae commodi non porro.","Voluptate officia fugiat voluptate rerum. Corrupti eum temporibus aut cum consequatur. Enim corrupti officia rerum in. Molestiae est qui quo dolor placeat porro dicta. Quos sint et inventore.","Hoodie",39
99,"Josiane Tank Top","Repudiandae animi doloribus magnam.","Unde eveniet hic iure a harum repellat architecto non aut. Quaerat esse incidunt voluptatem nostrum sed. Itaque libero consectetur possimus tempora quo similique voluptas a. Est architecto magni natus ea exercitationem qui quasi voluptatem aut. Culpa rerum rerum ipsam deserunt voluptas impedit temporibus. At repudiandae natus qui et itaque modi deleniti omnis.","Tank Top",605
100,"Elody Cap","Sequi molestiae eos aut ratione deleniti et omnis officia voluptatem.","Accusamus et tempore accusamus sunt accusamus aliquam neque esse rerum. Doloremque mollitia qui. Velit quae dolores. Quia et a sed sint. Facilis qui et eligendi. Id reprehenderit rem ullam dolor rerum.","Cap",211
101,"Vada Slacks","Voluptatibus dolores eum dolore sed alias vel similique id quibusdam.","Maiores ratione qui alias libero a voluptatem quasi dolor nobis. Ut rerum quia eius atque sed. Laboriosam iusto tempore et aut voluptatum. Cupiditate autem architecto ipsam aut officiis. Quae inventore eligendi cumque voluptas a iusto velit ullam. Temporibus suscipit ut architecto inventore et animi est non.","Slacks",697
102,"Deangelo Sweatpants","Suscipit aliquam placeat amet similique nihil.","Voluptates ut quia asperiores molestiae consectetur ut. Cumque magni illo eveniet. Vitae consequatur aspernatur provident perspiciatis omnis qui et. Non nostrum aut consequatur sunt voluptas sed vero pariatur quos. Incidunt sunt et quo doloremque veniam vero cum ad dolorum.","Sweatpants",990
103,"Elroy Sweater","Facere perspiciatis non et at enim deserunt vero ut.","Alias fuga repellendus odio molestias similique. Tenetur dolores repellat sequi in. Quia quo dignissimos nesciunt voluptates corporis aut est. Sequi accusamus sit eos deserunt soluta et. Ea alias adipisci temporibus facere quia omnis.","Sweater",818
104,"Dayne 0 Shoes","Debitis quia consequuntur aperiam.","Facere optio odit doloremque fuga est porro voluptas qui. Mollitia aut voluptate necessitatibus nihil quidem animi aut. Commodi aut ut nemo culpa. Rerum omnis a. Quia omnis quibusdam labore aspernatur deserunt quia tempore praesentium. Vel aut sit aut doloremque porro.","Shoes","197.00"
105,"Marcelino Sweatpants","Asperiores eum illo optio quo molestiae.","Est accusamus et ut non. Cumque veniam deleniti odio asperiores omnis natus non nostrum magnam. Dolor qui voluptate nihil fugit inventore sapiente veritatis in.","Sweatpants",176
106,"Ali Shoes","Nostrum dignissimos dolor quia earum officia est dolore eos.","Sed autem et ad aliquam corporis quisquam nostrum ut ut. In aut fugit libero enim non aperiam sit aut ad. Cupiditate est enim ipsum unde voluptatem repellendus qui.","Shoes",369
107,"Letha Hat","Et repellendus quod nam quo.","Reiciendis nam unde officiis ullam dicta ducimus velit. Voluptatem ratione cum tenetur iusto tempore. Porro vitae et expedita animi doloremque et nostrum. Autem et at corporis quo maiores totam corporis. Et labore itaque. Qui ipsum quidem officia asperiores natus totam rerum tempora consequatur.","Hat",785
108,"Claud Suit","Iusto eaque ipsam.","Quos deleniti possimus ab quo dolorum. Excepturi placeat maxime quia a consequuntur. Neque sint dolorem quo repellat est laudantium illum in architecto. Sit et magni libero totam dolore. Tempora harum exercitationem officia velit in. Sunt voluptatem amet modi dolorem omnis.","Suit",945
109,"Hilbert 0 Pants","Aut odio eos illo exercitationem porro modi quas sit reiciendis.","Consequatur consequatur et. Explicabo molestiae rerum aut totam et. Quos unde dolorem est et sed itaque unde impedit laboriosam.","Pants",385
110,"The Laila Skirt","Laudantium vel dolore facilis et et temporibus doloremque.","Ipsa eligendi dolorem sit est occaecati. Cupiditate voluptatem necessitatibus. Asperiores et sint porro ipsam omnis illum. Maxime delectus debitis beatae ipsum ipsum rerum.","Skirt",441
111,"Trycia Skirt","Voluptas autem nostrum assumenda vel.","Repellat aut magni enim est molestias sequi. Accusantium et et ipsa dolor maiores expedita possimus. Qui illum perspiciatis dolores dolores. Eligendi omnis necessitatibus necessitatibus. Sit vel beatae totam sapiente neque necessitatibus eaque. Aut ab iste rerum impedit voluptatem voluptates perspiciatis.","Skirt",967
112,"Salma 0 Slacks","Et laborum exercitationem molestiae.","Quas illum ut consequatur voluptatem voluptates sunt earum. Nam et voluptatum et autem saepe ut esse nesciunt. Qui est blanditiis possimus explicabo non doloremque similique. Omnis ut laudantium consequatur at praesentium odit sunt nihil. Tenetur necessitatibus consequatur odio aut nam nam deleniti. Sed quia omnis sit perspiciatis ipsum.","Slacks",647
113,"Estrella Sweater","Voluptate autem est est tenetur id itaque ea.","Nihil iusto at necessitatibus laborum ea soluta. Commodi ea illo facilis. Quia ut veritatis libero rerum.","Sweater",774
114,"Sabryna Shoes","Beatae molestias eligendi molestiae.","Nam natus et tempore. Assumenda quia quia. Nemo necessitatibus saepe ut est debitis aut. Vitae doloremque quia. Sit vel doloribus modi rem recusandae aut. Suscipit dicta natus.","Shoes",388
115,"Charlotte 50 Cap","A qui ad dolore ex voluptatem nulla ad.","Enim sint dolor. Excepturi blanditiis labore sunt reiciendis non. Animi inventore facere culpa est officia illo et rerum dolor.","Cap",418
116,"Jonathon Backpack","Similique assumenda earum dolore nostrum et.","Est natus exercitationem distinctio architecto quo id ullam. Reiciendis est consequatur. Enim accusamus autem voluptatem ex tempora voluptas. At inventore tempora quia. Facilis aut reprehenderit consequatur est. Ut pariatur harum et.","Backpack",195
117,"Mercedes Backpack","Et pariatur deleniti magni aliquam nobis sunt alias.","Voluptas fuga velit. Dolorem tempore in quos laudantium non quis sit quos. Mollitia non cupiditate. Quia saepe et mollitia et eos rem tenetur ducimus ipsa. Beatae magni est ut ipsam impedit ullam et. Quo aut excepturi aut eveniet dolorem.","Backpack",285
118,"Beryl Trousers","Sit qui recusandae aliquid voluptatum sit officiis sed blanditiis accusamus.","Est voluptate rem. Quo accusamus et et. Optio optio natus qui autem rem eaque.","Trousers",821
119,"Magnolia Slacks","Beatae iste distinctio autem.","Impedit fugit temporibus quos facere explicabo corporis nihil quasi voluptas. Ea ea et consectetur error ullam quis quae est sequi. Ut quia ducimus et sint et. Commodi nesciunt qui dolores voluptates qui et consequuntur sed vel. Odio earum voluptas eveniet nesciunt libero.","Slacks",136
120,"Mervin Jacket","Aut dolorem quasi magnam sit temporibus neque corrupti et magni. Vitae ipsa aut ea recusandae explicabo earum commodi. Laboriosam vitae possimus sunt laudantium molestiae voluptate suscipit sed blanditiis. Quod dolorum amet iure voluptatem cumque provident consequatur. Dicta numquam nemo consequatur sit ad eligendi.","Jacket","$584"
121,"Mittie Sweater","Sed maxime debitis vero assumenda.","Fugiat illo consectetur facilis unde. Qui molestiae iure. Corporis nostrum porro distinctio aut exercitationem unde atque. Quae voluptate voluptatem minus voluptatem quasi maxime officiis aut.","Sweater",937
122,"Boris Romper","Voluptatem quia aut molestiae odio.","Ullam porro sed commodi incidunt iste rem explicabo. Quasi magni vel dignissimos dolorem. Ad quas aliquid nihil ipsum reprehenderit aperiam consequatur dolores est. Autem quibusdam reprehenderit maiores consequatur quis nostrum quia.","Romper",983
123,"Elaina Slacks","Maxime est autem alias quae odit voluptatem.","Laborum quibusdam quo quod voluptas nemo facere culpa molestiae. Et non velit quidem ratione commodi perspiciatis molestiae rerum. Dignissimos consequatur tempora. Repellat eos distinctio incidunt.","Slacks",969
124,"Marilou Coat","Et corporis consectetur velit quia sint non voluptas voluptas voluptates.","Necessitatibus sed sequi voluptas eligendi ipsum. Qui debitis placeat id quos id nihil nisi. Qui dolores exercitationem facere consequatur debitis reiciendis. Quae est tempora.","Coat",479
125,"Misael Sweater","Consequatur nihil deserunt quo laudantium corporis ut ut.","Voluptatem alias doloribus voluptatem ut et. Voluptas omnis aut in iure quis quo et dolore adipisci. Reiciendis quae sapiente accusamus ipsam eum saepe. Eum fuga rerum quam iusto omnis est minus.","Sweater","598.00"
126,"Eveline Suit","Dolores fugit quo qui dolorum ea sit doloribus voluptate et.","Voluptatibus vel numquam ut voluptas magnam dolorum. Et aut et qui sit vel deserunt est distinctio nostrum. Beatae quasi et nostrum non mollitia at. Laboriosam dicta minus quis nobis quaerat natus repudiandae. Nemo eaque quasi soluta sit tempora. Sed voluptatem eius quas esse perferendis non nam incidunt perspiciatis.","Suit","$354"
127,"Madie 0 Hoodie","Consequuntur dolorem consectetur.","Animi quidem eveniet molestiae voluptatem in nulla autem veniam nisi. Eos rerum optio repellendus recusandae doloribus consequuntur sequi fuga. Est accusantium eos fuga eius vitae aut est. Corrupti vero nemo reiciendis quia et. Aliquam itaque ut deserunt est commodi qui qui saepe. Asperiores cum ea excepturi.","Hoodie",581
128,"Franco Pants","Qui similique nihil.","Aliquid aspernatur consequatur provident reprehenderit assumenda ipsum harum eius. Dolorum voluptates explicabo optio aut ratione. Dolores ea quia dolor consequuntur nam aut asperiores. Et aut quibusdam debitis quaerat est nam nobis. Minus delectus praesentium voluptas sint ut ducimus molestiae qui nobis.","Pants",679
129,"Fabian Shirt","Reiciendis ex qui.","Magnam assumenda voluptas in expedita et cupiditate dolorum sed. Sed quibusdam dolorem voluptatum quis omnis non illo ut. Distinctio cum facere atque deserunt dignissimos et.","Shirt",61
130,"The Niko Socks","Maiores et ut quibusdam soluta debitis dolorem.","Ipsam pariatur sed et. Est eveniet dolorem minima temporibus ab. Omnis vel dignissimos doloremque adipisci illum. Minus rerum ab rerum.","Socks",18
131,"Thad Suit","Amet voluptate cum.","Nam molestiae veniam corrupti inventore et minima eius aut. Ut aliquid vel tempore ullam labore voluptatem dolores veritatis. Quia eum consectetur quis debitis. Eos sequi fugit qui delectus sint. Illum quas et eos. Illum suscipit non hic cupiditate quis et.","Suit",370
132,"Raina Tank Top","Et id fuga voluptatem veritatis magnam molestiae.","Voluptas consectetur aut libero et officiis culpa vel aut in. Quaerat ducimus explicabo quod nisi iure est. Earum sed quo. Id sint vitae temporibus accusamus impedit ut iste repellendus earum.","Tank Top",968
133,"Michelle Shirt","Maxime aliquam eius.","Provident totam velit consequatur aut harum molestiae. Quia et quia voluptatem ullam quisquam. Ea nemo odio enim ab voluptas. Maxime ut ex. Et doloribus temporibus voluptas rerum aut culpa veniam ducimus et. Rerum at placeat aut ipsam consequatur quis.","Shirt","$781"
134,"Lavonne Dress","Consequatur quia repudiandae rerum voluptatem.","Esse eum nobis molestias quia omnis. Perferendis sit incidunt quis blanditiis. Odit ut aut. Ullam excepturi qui ratione dolor cum. Minima impedit et atque dolores quidem consequatur beatae. Soluta est odio non et labore tempore consequatur rerum voluptas.","Dress",759
135,"Stacey Shorts","Molestias porro a.","Maxime ullam sit fugit ut. Officiis minima et quibusdam soluta. Inventore ullam recusandae consequatur sapiente nemo.","Shorts",927
136,"Greyson Shirt","Blanditiis omnis consequatur voluptatibus impedit.","Et suscipit ullam aut. Est quia dicta voluptas adipisci blanditiis dolorem harum facere. Sapiente eum quia necessitatibus dolores et reprehenderit. Quo qui sed. Aut optio enim ex deserunt dolores eaque eveniet dolorum.","Shirt",854
137,"Dorris Tank Top","Eos iusto expedita aperiam voluptatem.","Velit expedita non possimus cum id aperiam asperiores consequatur. Facilis odit vel sit non quis nobis laboriosam ullam unde. Quis id dignissimos. Quia suscipit voluptatem adipisci culpa qui eius consequuntur laudantium iste.","Tank Top","$886"
138,"Xzavier Sunglasses","Enim voluptatem blanditiis aut temporibus enim earum quis eum odio.","Consequatur praesentium sequi expedita. Voluptas eius ad et. Magni aut est natus molestiae sed dolore.","Sunglasses",954
139,"The Vernice Sweatpants","Est eos veritatis.","Qui sed voluptas aperiam minus adipisci inventore perferendis quidem. Illo id commodi dolorem fugit consequatur veniam aut mollitia et. Aut et dolorem commodi doloribus sint iste accusantium expedita.","Sweatpants",620
140,"Cara Socks","Esse similique culpa id reprehenderit ad saepe.","Repudiandae voluptatem repudiandae dolor. Reiciendis cupiditate provident animi qui id omnis aut. Perferendis rem autem aliquam non doloribus doloribus eos.","Socks",16
141,"Marcus Sweatpants","Labore tempore eos et placeat fugiat culpa ut.","Et nihil iure possimus perferendis. Dolorem sunt beatae debitis rem cum natus quia molestiae. Iure et voluptatem praesentium iusto cupiditate. Impedit quasi aspernatur vitae a quos aut sit ducimus quasi. Repellat accusantium corrupti sint omnis nam eum. Odit impedit soluta voluptatum voluptas quaerat a sint.","Sweatpants","786.00"
142,"Camryn Boots","Iste corporis magnam.","Rerum impedit illo et autem. Odio ipsam autem vel at et odit doloremque incidunt. Quia exercitationem eum quam. Nobis inventore est rerum nisi. Inventore amet corrupti distinctio nemo.","Boots",936
143,"Khalid Skirt","Quod in quis vel non ratione.","Quas adipisci in repellat quam sint quia vel provident ipsa. Dolor dolorem voluptatem. Delectus dicta illo in ea hic officia similique. Animi distinctio alias fugiat porro nemo voluptatem laudantium. Veritatis aut sit quae voluptatem eaque fuga. Illum voluptas quo aut eos delectus ea inventore aliquid.","Skirt",78
144,"Alvina Pants","Nemo facilis facere soluta.","Facere sint incidunt qui id sed nesciunt fuga earum voluptatem. Quos nesciunt omnis non dolorem accusamus provident ea sint. Voluptatum omnis suscipit debitis.","Pants",74
145,"The Demond Sweatpants","Nisi porro in.","Assumenda nesciunt quis est. Deserunt provident accusantium porro molestiae. Sint molestias qui voluptas voluptate. Laboriosam ipsam maxime quis iste illo consequatur consectetur et ea. Praesentium dolore rem aperiam ut.","Sweatpants",53
146,"Gaston Sunglasses","Magni veritatis fuga ad maiores repellendus ut mollitia maiores.","Et ea autem omnis minus tempora expedita excepturi. Hic eaque doloremque sit in blanditiis sint quae eligendi. Sit beatae ea repellendus rerum nesciunt ea consequatur qui et. Dolor occaecati qui voluptatem voluptas qui odit et.","Sunglasses",59
147,"Margret Backpack","Quasi ut quaerat et.","Alias quis quos a et voluptatem dolor consequatur accusantium ipsum. Consequuntur debitis sit. Quibusdam quis sapiente pariatur exercitationem ratione voluptatem suscipit accusamus. Accusantium voluptate et. Incidunt qui nihil magni. Quia dolorum suscipit autem nam in.","Backpack","128.00"
148,"Mckenna Jacket","Labore magni earum eveniet.","Vero laboriosam consequuntur voluptates. Eum id et et at. Autem delectus consequatur nihil dolorem voluptas maiores nulla rem voluptas. Voluptas id cupiditate reiciendis doloremque culpa debitis commodi repellat. Doloremque ipsum incidunt aut rerum consectetur iure. Nulla nobis sunt corporis est.","Jacket",987
149,"Nadia 0 Suit","Sed alias fuga quod accusantium ducimus omnis.","Soluta velit corporis vel officiis autem. Consequuntur corrupti veniam accusantium molestiae omnis quis ab incidunt. Ea dolores est explicabo quos asperiores ullam dolore nihil. Numquam illo maxime voluptatem.","Suit",574
150,"Kathryn Slacks","Blanditiis voluptatibus voluptatem sunt quas expedita officiis.","Molestias et quo reiciendis perferendis enim. Dolorum ut repellendus. Omnis eos dolores laborum odit illo tempora. Ipsam autem excepturi qui ratione.","Slacks",505
151,"Clair Shorts","Perferendis saepe commodi nam.","Fuga error quos voluptatem quisquam doloremque rerum aliquid aut perferendis. Porro temporibus aut numquam natus nulla similique maxime enim impedit. Aut illo hic. Voluptates voluptatem quas et magnam ullam non sequi. Sed ducimus reiciendis enim et eum molestiae.","Shorts",89
152,"Jennie Romper","Rerum ipsum autem nesciunt modi consequatur accusantium.","Porro voluptas aut rerum eos vero amet. Itaque sed nihil iure et fugiat et et dolorum. Corporis est vitae omnis illum. Enim laborum voluptates natus quos et. Delectus magni voluptas ipsum. Ut illo deleniti iusto delectus ipsam consequuntur.","Romper",946
153,"Burley Jacket","Quos necessitatibus odio suscipit id ullam dolores cupiditate accusantium.","Quos quia accusantium labore est occaecati unde quia. Aut nam praesentium reiciendis rerum. Nesciunt libero quo fugiat voluptatum dolor accusantium nemo sed.","Jacket",773
154,"Freddy Dress","Illum voluptatem deserunt veritatis accusantium qui.","Iure animi molestiae ipsa qui quo. Repellat adipisci dolor aut blanditiis magni recusandae iure ut. A ratione facilis nihil laudantium.","Dress",547
155,"Rowland 50 Cap","Et maiores ut libero eum iste omnis molestias.","Aliquid est dolor officia corrupti cumque blanditiis excepturi adipisci. Blanditiis ut rem veritatis eos totam fugiat quae pariatur ad. Minus sequi ducimus ut adipisci et nihil veritatis minima accusamus.","Cap",969
156,"Carolina Boots","Ullam iusto ratione perferendis reiciendis iste.","Expedita nostrum reprehenderit quo odit est sequi et vitae. Cupiditate ut molestiae nihil dolorem molestiae architecto facere ab et. Consequatur porro et dolorum quos dicta dignissimos aut. Vitae fuga debitis voluptatem et.","Boots",367
157,"Gilda Shorts","Minus dolor ex beatae corporis omnis ipsa laudantium.","Atque voluptatem facilis eaque dolore nihil voluptas. In enim quos necessitatibus aliquid sed. Neque dolores temporibus saepe. Quia sapiente quis placeat illum esse optio. Qui ut dignissimos quibusdam accusamus.","Shorts","$997"
158,"Gustave Jacket","Voluptatem beatae ducimus quae.","Excepturi consectetur non magnam. Officia vitae dolores nesciunt suscipit quidem repudiandae ex odit voluptatem. Ut rerum eaque facilis qui quis. Aliquid quia ipsam nulla molestiae sapiente vel nisi.","Jacket","$617"
159,"Trycia Heels","Quia provident consequatur minima et quia corporis fuga.","Eos atque eos rem. Quis porro qui officiis adipisci omnis. Optio et eveniet eum et qui aut rerum et. Ducimus aut ex quasi dolorum porro quisquam dignissimos laborum voluptatem. Aliquam corrupti laudantium voluptatem.","Heels",815
160,"Geovanny Sweatpants","Voluptatem eos quaerat quia esse eligendi et inventore repudiandae rerum.","Sit labore similique. Dolorem saepe corrupti eos voluptatem et facere aut. Sint aut amet aut ut molestiae aliquam omnis similique consequatur.","Sweatpants",252
161,"Florencio Suit","Enim laudantium aut et et ut atque iste ducimus debitis.","Sit nesciunt quod labore est est animi voluptas quasi quis. Voluptatibus aut odio unde omnis velit illo vitae consectetur molestias. Eos similique veritatis voluptatem ipsa incidunt aliquam a illum laborum. Soluta molestiae beatae est dolore error.","Suit",407
162,"The Armand Tank Top","Qui et laudantium et rem expedita.","Debitis fugiat nostrum enim pariatur. Sed repellendus qui dolorem. Dolor in corrupti expedita adipisci occaecati qui. Perspiciatis quaerat voluptatem non dolores harum laudantium alias qui odio. Molestiae corrupti dolorem dolores occaecati voluptate eligendi exercitationem ut saepe.","Tank Top",475
163,"Anahi Heels","Voluptate aut illum et ut nobis.","Aut similique ratione quidem sed suscipit voluptatem ut. Saepe omnis ut. Ducimus eveniet et est iusto et veritatis reprehenderit repudiandae voluptates.","Heels",815
164,"Clair 50 Shorts","Voluptate laudantium alias qui aliquam laboriosam quia quae tenetur autem.","Et aut ea facere quae explicabo consequatur voluptas eos ratione. Et consequuntur error asperiores rerum molestiae voluptate. Repudiandae laudantium sint veritatis architecto et est nesciunt. Ad voluptas quam sequi id deleniti est ipsa veritatis dolorem.","Shorts",475
165,"The Alanis Trousers","Necessitatibus aut omnis.","Aut non officia consequatur repudiandae. Aut eligendi quis commodi ducimus animi et. Libero quidem labore laboriosam. Veniam possimus facere ut autem ea itaque atque reiciendis. Distinctio quibusdam quasi a suscipit quis quis.","Trousers",701
166,"Jalen Shirt","Facere fugit ea similique et est.","Debitis et repellendus. Amet ut fugit sit rerum in quasi eos sint nemo. Veritatis neque assumenda quae officia iste et quasi est. Rerum quo explicabo molestias ratione iure quidem odit cum.","Shirt",81
167,"Brent Tank Top","Debitis distinctio fugiat ullam.","Ipsum incidunt dolor illo facilis unde. Nihil a voluptas sint repudiandae. Maxime eius nulla impedit soluta aut et natus. Qui quidem quae quia enim voluptates impedit consectetur in. Earum ea dolorem ipsum similique.","Tank Top",310
168,"Eldon Shoes","Sint facilis est voluptates accusamus.","Perferendis suscipit possimus debitis sequi assumenda consequatur. Omnis molestiae quae voluptas. Delectus vel reiciendis velit explicabo dolor culpa quibusdam. Sint natus dicta exercitationem hic in occaecati non asperiores qui. Sed et eos cumque. Et ipsam voluptatem quidem deserunt omnis.","Shoes",624
169,"Sonny Skirt","Assumenda voluptas temporibus.","Voluptatem eos animi inventore dolor et corporis nostrum. Nihil enim molestiae fuga omnis magni tenetur. Esse odit dolores deserunt non necessitatibus est.","Skirt","4.00"
170,"Ernestine Sweatpants","Dolores et eveniet voluptas autem perspiciatis neque quo iste minus.","Blanditiis rem ab est. Similique et eos rerum dolores eos iste dolor. Unde itaque atque deleniti quo consequatur dolore est.","Sweatpants",458
171,"Joanne Shorts","Aut fugit sint vitae labore id quia itaque.","Ut optio rerum quisquam et. Reprehenderit veniam iste impedit ipsum perferendis. Fuga quasi cum iste et doloribus eos sint. Doloremque et et eum sit dignissimos magni. Illo ab praesentium explicabo et fuga veniam non perferendis. Eius quo consequuntur architecto id molestiae non numquam cupiditate.","Shorts",836
172,"Noble Trousers","Qui consequatur aut dolorem nesciunt aut similique et maxime et. Cum veniam atque. Odit ea et cumque molestias voluptatibus commodi dolores sint. Quia corporis et et. Numquam reprehenderit earum rerum ea. Nobis qui dolor.","Trousers","$446"
173,"Willie Trousers","Sint sint harum eaque in.","Exercitationem optio cumque mollitia est eaque. Ipsa aut sunt sequi sunt debitis nemo. Sed aspernatur fugiat.","Trousers",78
174,"Chauncey Skirt","Ut unde sit nam nisi.","Magni enim illum illum tenetur aut laborum laudantium et ea. Nesciunt voluptates cumque. Aperiam numquam nam tempore fugiat atque perferendis. Ad illo accusantium ipsum non temporibus sunt. Sapiente laudantium autem praesentium saepe quis facilis. Temporibus molestiae harum repudiandae aut a ut.","Skirt",830
175,"Vesta Trousers","Et et iusto ut blanditiis sit optio.","Velit animi dicta. Animi pariatur qui. Ad fugiat laboriosam qui natus id sunt. Aperiam debitis eligendi cumque non pariatur consectetur. Aperiam cumque voluptatem et quasi quis est rem.","Trousers",254
176,"Sigurd Hoodie","In recusandae velit est ut.","Et deserunt repellat unde cum. Est aut velit. Incidunt soluta recusandae autem non illum quia. Dolorem sapiente illo numquam voluptas maiores rem natus iusto repudiandae. Ab error cumque et corrupti id.","Hoodie",871
177,"The Roman Romper","Provident sint nemo.","Ut iusto quis rem deserunt et quis hic et voluptatum. Voluptatem voluptas animi eligendi ut ad et. Saepe consequatur sunt ea voluptatem quibusdam eos. Dolores est dicta aut. Maiores totam reiciendis suscipit quam.","Romper",375
178,"Elijah Shirt","Eveniet fuga neque laboriosam.","Dolore et quaerat aut in placeat ipsam quidem neque eos. Harum sunt inventore. Suscipit omnis nisi provident expedita iusto et numquam. Aut dolorum ea. Dolores sit sit suscipit asperiores. Tempora blanditiis cumque quia molestias ea vel.","Shirt",28
179,"Lucile Sweatpants","Mollitia et temporibus sint ducimus molestias dolores mollitia. Ut asperiores labore. Et eveniet similique dolorem et rerum et minima. Non hic corrupti repudiandae itaque. Ut quia et minima nulla quaerat.","Sweatpants",961
180,"Carlie 0 Romper","Sequi numquam labore.","Ex est maxime odit minus debitis rerum. Magnam corrupti fugit consequuntur qui corrupti pariatur. Laborum et sunt aut assumenda qui est. Laudantium iusto consequatur nostrum laboriosam sapiente neque quis dignissimos eaque. Alias iure non non occaecati consectetur et repudiandae. Voluptatum esse autem ut est enim quod omnis.","Romper",727
181,"Jaylin Suit","Asperiores exercitationem distinctio ut facilis inventore.","Repellat qui nesciunt qui labore qui consequatur. Et quia sunt rerum maiores quo consequuntur odio voluptas sapiente. Laboriosam doloremque totam ea officiis non nihil exercitationem voluptatum.","Suit","165.00"
182,"Mac 0 Socks","Aspernatur illo quos porro quasi rerum omnis similique ab aut.","Doloribus est officiis mollitia tempore quia iure consequatur. Vel modi consequatur nisi iure voluptates voluptas. Est eum est.","Socks",309
183,"Gordon Socks","Nostrum voluptatem quisquam molestias quibusdam veniam.","Eos et laudantium eligendi nisi. Et veniam qui. Consequatur quod earum dolorum est error sit itaque. Officiis recusandae eum dolorem quo porro et recusandae deleniti.","Socks",738
184,"Priscilla Coat","Eum quis amet quia molestias est.","Cum ut autem nisi consequatur maxime necessitatibus quisquam aut in. Necessitatibus consequatur possimus itaque aut voluptatem ea. Officia odio qui vel dolorum.","Coat",877
185,"Deanna Coat","Et aliquid nulla sit porro et non.","Error error quaerat. Nesciunt veritatis aliquid autem beatae. Velit expedita sit et.","Coat",80
186,"Lucy Hoodie","Consequuntur incidunt dolorum fuga et.","Ex explicabo et ipsum. Repellendus cupiditate non eligendi perspiciatis qui minima dolorem ut. Non voluptates ut dolor error. Numquam ex enim repellat necessitatibus. Saepe aut excepturi sapiente. Voluptas id in natus eveniet iure pariatur.","Hoodie",833
187,"Lane Coat","Aspernatur natus est et aut beatae totam.","Quae laborum cupiditate. Sed aut quia voluptate. Fugiat nostrum nobis. Voluptas architecto ipsa et ut labore adipisci et velit. Placeat atque odit quo incidunt ea deserunt illum et.","Coat",588
188,"Jennie 50 Trousers","Impedit nisi accusamus non.","Non commodi atque explicabo dolor quo. Unde minima officiis impedit eos. Ea quaerat et. Dolorem perspiciatis aut illo et. Consectetur animi eos ratione cumque deleniti sapiente quis.","Trousers",300
189,"Donato Heels","Est consectetur provident voluptatem.","Laborum animi quod. Sed natus vel est. Quidem officia est ad adipisci.","Heels",196
190,"Tyler Pants","Tempora voluptatem at repudiandae porro eligendi illum.","Voluptas doloribus odit rerum aut iure et dolor autem. Sit ab ducimus quas est dolorem soluta quidem. Ea aut suscipit.","Pants",642
191,"Adelbert Skirt","Dolor asperiores provident autem suscipit eius.","Unde sit explicabo et ut corrupti. Necessitatibus rerum necessitatibus omnis. Ut reiciendis harum laboriosam aut consequatur cumque aut deserunt.","Skirt",823
192,"The Vicky Shorts","Labore nisi inventore id consequatur ut recusandae cum porro.","Voluptas earum sed aut consectetur et itaque sint voluptatum nesciunt. Vero necessitatibus natus reiciendis rerum quibusdam recusandae voluptas aut. Facere nihil dolor et ratione quas. Dolore eos rem et eius velit tempore est qui quo. Quibusdam aut eveniet omnis alias sint blanditiis velit aut.","Shorts",34
193,"Eleanora Shirt","Ducimus sequi alias ratione.","Et temporibus dolorum pariatur sint. Et eaque et qui atque. Aut repellendus ut eos voluptatem a omnis veritatis. Maiores aut qui commodi. Quas architecto expedita adipisci ullam eos. Consequuntur quis minima soluta nihil et sed quaerat.","Shirt",846
194,"Elta Socks","Reprehenderit culpa esse exercitationem sequi commodi quod et voluptas optio.","Vitae reprehenderit odio atque dignissimos voluptatem. Quos accusamus ipsam praesentium aliquam repellat dolor ut nobis doloremque. Aut quam est aliquid aspernatur quibusdam doloribus. Vero aut assumenda. Consequatur eaque delectus.","Socks","$862"
195,"Kelvin 50 Sunglasses","Dolores recusandae praesentium aperiam dolor ut.","Aut eum voluptas suscipit omnis repellendus quod. Optio in consectetur alias. Optio voluptas aspernatur. Ut soluta unde et sed quo. Quo dolorem modi excepturi rerum explicabo.","Sunglasses",276
196,"Thalia Pants","Placeat autem asperiores magnam rerum aut animi.","Et cumque optio nihil est autem. Assumenda perspiciatis doloribus fugit cum. Modi illum laboriosam fugiat sit quia maxime. Ut eos similique quo consequuntur deleniti ipsum. Nihil voluptate pariatur quod fuga nihil ipsam est. Id a dolores molestiae error corrupti eveniet ea.","Pants",996
197,"Dennis Shoes","Natus sapiente beatae.","Vel eos exercitationem autem provident. Nemo sit aliquam. Dicta est laudantium voluptatum a deleniti aliquid dolorem vero natus. Qui atque qui voluptatum vitae ipsum labore repellendus asperiores.","Shoes",891
198,"Jaida Coat","Nostrum et voluptatem vitae eos quidem delectus.","Veritatis ipsum adipisci quo ipsam corporis ex earum in. Qui rerum hic. Maxime tempore ea. Odio incidunt nulla velit magnam eligendi nihil. Blanditiis repudiandae quibusdam optio et delectus perferendis molestias.","Coat",253
199,"Bertram 50 Shorts","Unde fugiat perferendis velit quis sed dolor dolorem.","Maxime non ut dolor ut deleniti corrupti perspiciatis debitis. Ad enim ex impedit exercitationem a. Magni perferendis ab vero cumque. Quia aut impedit maxime sunt et. Beatae iure enim quasi voluptatem placeat voluptatibus voluptatem at. Iusto dolore at et tempore culpa dolores non ex officiis.","Shorts",162
200,"Myrtice Tank Top","Quaerat et hic consectetur ipsa vitae perspiciatis quia incidunt.","Quasi incidunt at. Consectetur aut ex ad nihil quis sunt tempora nulla. Culpa est ea nisi sunt totam dolor. Impedit accusantium sed in aut quibusdam provident sed.","Tank Top",972
